{"loss": 0.00961474422365427, "acc": 1.0, "auc": 1.0, "_timestamp": 1668763275.8265636, "_runtime": 37.785258531570435, "_step": 499, "_wandb": {"runtime": 37}}