{"loss": 0.6931471824645996, "acc": 0.5004432615162169, "auc": 0.5011241316248596, "_timestamp": 1668847559.465761, "_runtime": 20.306944847106934, "_step": 0, "_wandb": {"runtime": 19}}