{"loss": 0.25126639008522034, "acc": 0.905, "auc": 0.9633664, "_timestamp": 1668761882.687759, "_runtime": 86.98950695991516, "_step": 1499, "gradients/embedding.weight": {"_type": "histogram", "values": [2.0, 2.0, 3.0, 2.0, 7.0, 12.0, 8.0, 15.0, 26.0, 36.0, 55.0, 72.0, 141.0, 222.0, 345.0, 585.0, 974.0, 1607.0, 2850.0, 5469.0, 11745.0, 26435.0, 63634.0, 145454.0, 340342.0, 272973.0, 117034.0, 50010.0, 21116.0, 9425.0, 4565.0, 2537.0, 1452.0, 860.0, 480.0, 290.0, 187.0, 132.0, 79.0, 45.0, 34.0, 25.0, 18.0, 15.0, 7.0, 3.0, 4.0, 2.0, 1.0, 3.0, 2.0, 0.0, 0.0, 1.0, 0.0, 0.0, 0.0, 0.0, 0.0, 0.0, 0.0, 0.0, 0.0, 1.0], "bins": [-4.460197487787809e-06, -4.28078465120052e-06, -4.101372269360581e-06, -3.921959432773292e-06, -3.7425470509333536e-06, -3.5631342143460643e-06, -3.3837216051324503e-06, -3.2043089959188364e-06, -3.0248963867052225e-06, -2.8454837774916086e-06, -2.6660711682779947e-06, -2.486658559064381e-06, -2.3072457224770915e-06, -2.127833340637153e-06, -1.9484205040498637e-06, -1.7690078948362498e-06, -1.5895952856226359e-06, -1.410182676409022e-06, -1.230770067195408e-06, -1.0513573442949564e-06, -8.719447350813425e-07, -6.925321258677286e-07, -5.13119402967277e-07, -3.337067937536631e-07, -1.5429418454004917e-07, 2.5118453095274162e-08, 2.045310907305975e-07, 3.8394375678763026e-07, 5.633563660012442e-07, 7.427689752148581e-07, 9.221816981153097e-07, 1.1015943073289236e-06, 1.2810073712898884e-06, 1.4604199805035023e-06, 1.6398325897171162e-06, 1.8192453126175678e-06, 1.998657808144344e-06, 2.1780706447316334e-06, 2.3574832539452473e-06, 2.536895863158861e-06, 2.716308472372475e-06, 2.895721081586089e-06, 3.075133690799703e-06, 3.254546300013317e-06, 3.433959136600606e-06, 3.6133715184405446e-06, 3.792784355027834e-06, 3.972197191615123e-06, 4.151609573455062e-06, 4.331022410042351e-06, 4.5104347918822896e-06, 4.689847628469579e-06, 4.869260010309517e-06, 5.048672846896807e-06, 5.228085683484096e-06, 5.4074980653240345e-06, 5.586910447163973e-06, 5.766323283751262e-06, 5.945735665591201e-06, 6.12514850217849e-06, 6.304560884018429e-06, 6.483973720605718e-06, 6.663386557193007e-06, 6.842798939032946e-06, 7.022211775620235e-06]}, "_wandb": {"runtime": 86}}