{"loss": 0.34584715962409973, "acc": 0.866, "auc": 0.934054073582341, "_timestamp": 1668760702.3912635, "_runtime": 62.532002449035645, "_step": 999, "gradients/embedding.weight": {"_type": "histogram", "values": [1.0, 0.0, 0.0, 1.0, 0.0, 0.0, 0.0, 0.0, 0.0, 1.0, 4.0, 0.0, 2.0, 2.0, 4.0, 8.0, 10.0, 9.0, 18.0, 39.0, 45.0, 79.0, 119.0, 173.0, 282.0, 475.0, 731.0, 1230.0, 2142.0, 3881.0, 7874.0, 16750.0, 38242.0, 87764.0, 196736.0, 374304.0, 194027.0, 86284.0, 37115.0, 16101.0, 7729.0, 3966.0, 2072.0, 1218.0, 712.0, 440.0, 250.0, 166.0, 104.0, 79.0, 47.0, 37.0, 19.0, 17.0, 7.0, 11.0, 5.0, 3.0, 2.0, 2.0, 0.0, 2.0, 0.0, 3.0], "bins": [-6.23858613835182e-06, -6.0628444771282375e-06, -5.8871028159046546e-06, -5.711361154681072e-06, -5.535619493457489e-06, -5.359877832233906e-06, -5.184136171010323e-06, -5.00839450978674e-06, -4.832652848563157e-06, -4.656911187339574e-06, -4.481169526115991e-06, -4.305427864892408e-06, -4.129686203668825e-06, -3.953944542445242e-06, -3.7782028812216595e-06, -3.6024612199980766e-06, -3.4267195587744936e-06, -3.2509778975509107e-06, -3.0752362363273278e-06, -2.899494575103745e-06, -2.723752913880162e-06, -2.548011252656579e-06, -2.372269591432996e-06, -2.196527930209413e-06, -2.0207862689858302e-06, -1.8450446077622473e-06, -1.6693029465386644e-06, -1.4935612853150815e-06, -1.3178196240914986e-06, -1.1420779628679156e-06, -9.663363016443327e-07, -7.905946404207498e-07, -6.148529791971669e-07, -4.3911131797358394e-07, -2.63369656750001e-07, -8.762799552641809e-08, 8.811366569716483e-08, 2.6385532692074776e-07, 4.395969881443307e-07, 6.153386493679136e-07, 7.910803105914965e-07, 9.668219718150795e-07, 1.1425636330386624e-06, 1.3183052942622453e-06, 1.4940469554858282e-06, 1.6697886167094111e-06, 1.845530277932994e-06, 2.021271939156577e-06, 2.19701360038016e-06, 2.372755261603743e-06, 2.5484969228273258e-06, 2.7242385840509087e-06, 2.8999802452744916e-06, 3.0757219064980745e-06, 3.2514635677216575e-06, 3.4272052289452404e-06, 3.6029468901688233e-06, 3.7786885513924062e-06, 3.954430212615989e-06, 4.130171873839572e-06, 4.305913535063155e-06, 4.481655196286738e-06, 4.657396857510321e-06, 4.833138518733904e-06, 5.008880179957487e-06]}, "_wandb": {"runtime": 62}}