{"loss": 0.44399580359458923, "acc": 0.798, "auc": 0.8667110350232715, "_timestamp": 1668769025.8231187, "_runtime": 36.70777869224548, "_step": 499, "_wandb": {"runtime": 36}}