{"loss": 0.3506922125816345, "acc": 0.7659478223642096, "auc": 0.8179663493424082, "_timestamp": 1668949507.8763404, "_runtime": 535.0959134101868, "_step": 1999, "gradients/embedding.weight": {"_type": "histogram", "values": [3.0, 1.0, 0.0, 1.0, 1.0, 0.0, 3.0, 3.0, 6.0, 10.0, 10.0, 9.0, 18.0, 24.0, 37.0, 57.0, 100.0, 133.0, 203.0, 308.0, 530.0, 882.0, 1477.0, 2648.0, 5056.0, 10340.0, 20632.0, 42257.0, 92151.0, 190122.0, 91486.0, 41234.0, 19955.0, 9859.0, 4876.0, 2510.0, 1444.0, 831.0, 508.0, 317.0, 207.0, 146.0, 80.0, 52.0, 40.0, 31.0, 17.0, 16.0, 12.0, 2.0, 5.0, 2.0, 5.0, 4.0, 1.0, 2.0, 5.0, 1.0, 0.0, 1.0, 0.0, 0.0, 0.0, 1.0], "bins": [-5.91512525716098e-06, -5.714641702070367e-06, -5.514157692232402e-06, -5.313674137141788e-06, -5.113190582051175e-06, -4.91270657221321e-06, -4.7122230171225965e-06, -4.511739462031983e-06, -4.311255906941369e-06, -4.1107723518507555e-06, -3.910288342012791e-06, -3.7098047869221773e-06, -3.5093212318315636e-06, -3.3088374493672745e-06, -3.1083536669029854e-06, -2.9078701118123718e-06, -2.707386101974407e-06, -2.506902319510118e-06, -2.3064187644195044e-06, -2.1059349819552153e-06, -1.905451313177764e-06, -1.7049676444003126e-06, -1.5044838619360235e-06, -1.304000193158572e-06, -1.1035165243811207e-06, -9.030328556036693e-07, -7.025491299827991e-07, -5.020654043619288e-07, -3.0158173558447743e-07, -1.0109806680702604e-07, 9.938571565726306e-08, 2.9986938443471445e-07, 5.003530532121658e-07, 7.008367219896172e-07, 9.013204476104875e-07, 1.1018041732313577e-06, 1.302287842008809e-06, 1.5027715107862605e-06, 1.7032552932505496e-06, 1.903738962028001e-06, 2.1042226308054524e-06, 2.3047064132697415e-06, 2.505189968360355e-06, 2.7056737508246442e-06, 2.9061575332889333e-06, 3.106641088379547e-06, 3.307124870843836e-06, 3.5076086533081252e-06, 3.708092208398739e-06, 3.9085757634893525e-06, 4.109059773327317e-06, 4.309543328417931e-06, 4.510026883508544e-06, 4.710510438599158e-06, 4.910994448437123e-06, 5.111478003527736e-06, 5.311962013365701e-06, 5.5124455684563145e-06, 5.712929578294279e-06, 5.913413133384893e-06, 6.113896688475506e-06, 6.314380698313471e-06, 6.514864253404085e-06, 6.715347808494698e-06, 6.915831363585312e-06]}, "_wandb": {"runtime": 534}}