{"loss": 0.3919922113418579, "acc": 0.772621987790619, "auc": 0.8274420641921216, "_timestamp": 1668848803.6109405, "_runtime": 156.10390734672546, "_step": 499, "_wandb": {"runtime": 155}}