{"loss": 0.4542984962463379, "acc": 0.773, "auc": 0.8427935700662975, "_timestamp": 1668767498.7848446, "_runtime": 22.161510705947876, "_step": 99, "_wandb": {"runtime": 21}}