{"loss": 0.4760405421257019, "acc": 0.7676397748896062, "auc": 0.819731103535682, "_timestamp": 1668847045.530041, "_runtime": 232.32676792144775, "_step": 799, "_wandb": {"runtime": 231}}