{"loss": 0.47827792167663574, "acc": 0.771, "auc": 0.8354135815527819, "_timestamp": 1668797455.837845, "_runtime": 43.07707715034485, "_step": 799, "_wandb": {"runtime": 42}}