{"loss": 0.6929022669792175, "acc": 0.779, "auc": 0.8137810915976245, "_timestamp": 1668676070.0481875, "_runtime": 18.586174488067627, "_step": 19, "_wandb": {"runtime": 18}}