{"loss": 0.4535686671733856, "acc": 0.802, "auc": 0.8565399321838252, "_timestamp": 1668763678.7773614, "_runtime": 23.45264434814453, "_step": 99, "_wandb": {"runtime": 22}}