{"loss": 0.44604915380477905, "acc": 0.795, "auc": 0.8426153335545968, "_timestamp": 1668760573.082347, "_runtime": 37.7485888004303, "_step": 499, "_wandb": {"runtime": 37}}