{"loss": 0.6929014325141907, "acc": 0.763, "auc": 0.8032370088376484, "_timestamp": 1668678674.164974, "_runtime": 18.59649085998535, "_step": 19, "_wandb": {"runtime": 18}}