{"loss": 0.13174384832382202, "acc": 0.963, "auc": 0.991970991970992, "_timestamp": 1668763536.041524, "_runtime": 41.48302888870239, "_step": 499, "_wandb": {"runtime": 41}}