{"loss": 0.3934831917285919, "acc": 0.7733180350916884, "auc": 0.828569270750668, "_timestamp": 1668849249.4330685, "_runtime": 155.4905185699463, "_step": 499, "_wandb": {"runtime": 154}}