{"loss": 0.6931471824645996, "acc": 0.5003988343938626, "auc": 0.5001249938170673, "_timestamp": 1668848564.735927, "_runtime": 20.694276094436646, "_step": 0, "_wandb": {"runtime": 19}}