{"loss": 0.6929020881652832, "acc": 0.764, "auc": 0.8111754933344139, "_timestamp": 1668760490.840523, "_runtime": 19.07517695426941, "_step": 19, "_wandb": {"runtime": 18}}