{"loss": 0.4460125267505646, "acc": 0.812, "auc": 0.8658109890109891, "_timestamp": 1668762102.8634675, "_runtime": 37.78399348258972, "_step": 499, "_wandb": {"runtime": 37}}