{"loss": 0.6929085850715637, "acc": 0.78, "auc": 0.8251788219401099, "_timestamp": 1668760419.7528148, "_runtime": 18.728105783462524, "_step": 19, "_wandb": {"runtime": 18}}