{"loss": 0.4778789281845093, "acc": 0.793, "auc": 0.8487138655389059, "_timestamp": 1668797629.9234257, "_runtime": 41.2132625579834, "_step": 799, "_wandb": {"runtime": 40}}