{"loss": 0.41159236431121826, "acc": 0.81, "auc": 0.8775285830374718, "_timestamp": 1668797070.3583345, "_runtime": 44.28006052970886, "_step": 799, "_wandb": {"runtime": 43}}