{"loss": 0.4783039391040802, "acc": 0.776, "auc": 0.8313853042803752, "_timestamp": 1668843835.0907667, "_runtime": 42.62948274612427, "_step": 799, "_wandb": {"runtime": 42}}